Text,Label
"Final Exam Review Next Class and No Class Next Week

This is an official update from your academic department. Please ensure you check your course portal for detailed information, upcoming assignments, and important academic announcements.

Sincerely,
Office of Academic Affairs
University Registrar
registrar@university.edu",School
"IMPORTANT! Requeired Graduation Survey for May 2025

This is an official update from your academic department. Please ensure you check your course portal for detailed information, upcoming assignments, and important academic announcements.

Sincerely,
Office of Academic Affairs
University Registrar
registrar@university.edu",School
"[Info] CSC 2259 - CSC 2262 - CSC 2362 

This is an official update from your academic department. Please ensure you check your course portal for detailed information, upcoming assignments, and important academic announcements.

Sincerely,
Office of Academic Affairs
University Registrar
registrar@university.edu",School
"Office Hours are on Friday the 25th at 12 - 3 pm. 

This is an official update from your academic department. Please ensure you check your course portal for detailed information, upcoming assignments, and important academic announcements.

Sincerely,
Office of Academic Affairs
University Registrar
registrar@university.edu",School
"You're Invited: Student Research Lagniappe - Friday, May 2nd 

This is an official update from your academic department. Please ensure you check your course portal for detailed information, upcoming assignments, and important academic announcements.

Sincerely,
Office of Academic Affairs
University Registrar
registrar@university.edu",School
"In TWO DAYS you can schedule classes for Fall 2025 semester 

This is an official update from your academic department. Please ensure you check your course portal for detailed information, upcoming assignments, and important academic announcements.

Sincerely,
Office of Academic Affairs
University Registrar
registrar@university.edu",School
"CSC 4444 Homework 2 has been graded on GradeScope

This is an official update from your academic department. Please ensure you check your course portal for detailed information, upcoming assignments, and important academic announcements.

Sincerely,
Office of Academic Affairs
University Registrar
registrar@university.edu",School
"FREE GUEST PASSES AT THE LSU UREC?!?! Yes, you heard that right. 

This is an official update from your academic department. Please ensure you check your course portal for detailed information, upcoming assignments, and important academic announcements.

Sincerely,
Office of Academic Affairs
University Registrar
registrar@university.edu",School
"BIOL 1001 Homework 7 is due at 11:59pm on Monday. Submit on GradeScope

This is an official update from your academic department. Please ensure you check your course portal for detailed information, upcoming assignments, and important academic announcements.

Sincerely,
Office of Academic Affairs
University Registrar
registrar@university.edu",School
"Can you help me with my homework? 

This is an official update from your academic department. Please ensure you check your course portal for detailed information, upcoming assignments, and important academic announcements.

Sincerely,
Office of Academic Affairs
University Registrar
registrar@university.edu",School
"Professor Smith posted the final exam review slides on Canvas.

This is an official update from your academic department. Please ensure you check your course portal for detailed information, upcoming assignments, and important academic announcements.

Sincerely,
Office of Academic Affairs
University Registrar
registrar@university.edu",School
"Don't forget the homework deadline is tomorrow at midnight.

This is an official update from your academic department. Please ensure you check your course portal for detailed information, upcoming assignments, and important academic announcements.

Sincerely,
Office of Academic Affairs
University Registrar
registrar@university.edu",School
"Join our university's AI Club for weekly project discussions.

This is an official update from your academic department. Please ensure you check your course portal for detailed information, upcoming assignments, and important academic announcements.

Sincerely,
Office of Academic Affairs
University Registrar
registrar@university.edu",School
"Register now for next semester's courses on the student portal.

This is an official update from your academic department. Please ensure you check your course portal for detailed information, upcoming assignments, and important academic announcements.

Sincerely,
Office of Academic Affairs
University Registrar
registrar@university.edu",School
"Class is canceled today due to weather - check your email for updates.

This is an official update from your academic department. Please ensure you check your course portal for detailed information, upcoming assignments, and important academic announcements.

Sincerely,
Office of Academic Affairs
University Registrar
registrar@university.edu",School
"Professor Smith has scheduled a quiz for next Tuesday.

This is an official update from your academic department. Please ensure you check your course portal for detailed information, upcoming assignments, and important academic announcements.

Sincerely,
Office of Academic Affairs
University Registrar
registrar@university.edu",School
"Join the AI Club meeting on Thursday at 2:00 PM.

This is an official update from your academic department. Please ensure you check your course portal for detailed information, upcoming assignments, and important academic announcements.

Sincerely,
Office of Academic Affairs
University Registrar
registrar@university.edu",School
"Your class CS101 has been moved to 11:00 AM.

This is an official update from your academic department. Please ensure you check your course portal for detailed information, upcoming assignments, and important academic announcements.

Sincerely,
Office of Academic Affairs
University Registrar
registrar@university.edu",School
"Lecture notes for HIST303 have been uploaded.

This is an official update from your academic department. Please ensure you check your course portal for detailed information, upcoming assignments, and important academic announcements.

Sincerely,
Office of Academic Affairs
University Registrar
registrar@university.edu",School
"Reminder: Midterm exam for PHYS404 is on May 3.

This is an official update from your academic department. Please ensure you check your course portal for detailed information, upcoming assignments, and important academic announcements.

Sincerely,
Office of Academic Affairs
University Registrar
registrar@university.edu",School
"New grades have been posted for MATH202.

This is an official update from your academic department. Please ensure you check your course portal for detailed information, upcoming assignments, and important academic announcements.

Sincerely,
Office of Academic Affairs
University Registrar
registrar@university.edu",School
"Student portal will be down for maintenance on Friday.

This is an official update from your academic department. Please ensure you check your course portal for detailed information, upcoming assignments, and important academic announcements.

Sincerely,
Office of Academic Affairs
University Registrar
registrar@university.edu",School
"Final exam schedule is now available online.

This is an official update from your academic department. Please ensure you check your course portal for detailed information, upcoming assignments, and important academic announcements.

Sincerely,
Office of Academic Affairs
University Registrar
registrar@university.edu",School
"Workshop on Quantum Physics hosted by the Engineering department this Monday.

This is an official update from your academic department. Please ensure you check your course portal for detailed information, upcoming assignments, and important academic announcements.

Sincerely,
Office of Academic Affairs
University Registrar
registrar@university.edu",School
"Don't forget the assignment deadline is this Wednesday.

This is an official update from your academic department. Please ensure you check your course portal for detailed information, upcoming assignments, and important academic announcements.

Sincerely,
Office of Academic Affairs
University Registrar
registrar@university.edu",School
"Professor Lee posted the final project details.

This is an official update from your academic department. Please ensure you check your course portal for detailed information, upcoming assignments, and important academic announcements.

Sincerely,
Office of Academic Affairs
University Registrar
registrar@university.edu",School
"Reminder: CS101 homework 4 is due Friday.

This is an official update from your academic department. Please ensure you check your course portal for detailed information, upcoming assignments, and important academic announcements.

Sincerely,
Office of Academic Affairs
University Registrar
registrar@university.edu",School
"Your academic advisor wants to schedule a meeting.

This is an official update from your academic department. Please ensure you check your course portal for detailed information, upcoming assignments, and important academic announcements.

Sincerely,
Office of Academic Affairs
University Registrar
registrar@university.edu",School
"The tutoring center is offering extra review sessions.

This is an official update from your academic department. Please ensure you check your course portal for detailed information, upcoming assignments, and important academic announcements.

Sincerely,
Office of Academic Affairs
University Registrar
registrar@university.edu",School
"Orientation for new students is on April 25.

This is an official update from your academic department. Please ensure you check your course portal for detailed information, upcoming assignments, and important academic announcements.

Sincerely,
Office of Academic Affairs
University Registrar
registrar@university.edu",School
"Enrollment for fall semester begins next week.

This is an official update from your academic department. Please ensure you check your course portal for detailed information, upcoming assignments, and important academic announcements.

Sincerely,
Office of Academic Affairs
University Registrar
registrar@university.edu",School
"University library hours extended for finals week.

This is an official update from your academic department. Please ensure you check your course portal for detailed information, upcoming assignments, and important academic announcements.

Sincerely,
Office of Academic Affairs
University Registrar
registrar@university.edu",School
"Professor Johnson uploaded the CS101 lecture slides.

This is an official update from your academic department. Please ensure you check your course portal for detailed information, upcoming assignments, and important academic announcements.

Sincerely,
Office of Academic Affairs
University Registrar
registrar@university.edu",School
"Reminder: HIST303 assignment is due Thursday.

This is an official update from your academic department. Please ensure you check your course portal for detailed information, upcoming assignments, and important academic announcements.

Sincerely,
Office of Academic Affairs
University Registrar
registrar@university.edu",School
"Class PHYS404 is canceled today due to a power outage.

This is an official update from your academic department. Please ensure you check your course portal for detailed information, upcoming assignments, and important academic announcements.

Sincerely,
Office of Academic Affairs
University Registrar
registrar@university.edu",School
"Don't miss the robotics club demo this Wednesday.

This is an official update from your academic department. Please ensure you check your course portal for detailed information, upcoming assignments, and important academic announcements.

Sincerely,
Office of Academic Affairs
University Registrar
registrar@university.edu",School
"Final exam review for MATH202 is now live.

This is an official update from your academic department. Please ensure you check your course portal for detailed information, upcoming assignments, and important academic announcements.

Sincerely,
Office of Academic Affairs
University Registrar
registrar@university.edu",School
"The library will close early on Friday.

This is an official update from your academic department. Please ensure you check your course portal for detailed information, upcoming assignments, and important academic announcements.

Sincerely,
Office of Academic Affairs
University Registrar
registrar@university.edu",School
"Join the virtual student town hall on Tuesday.

This is an official update from your academic department. Please ensure you check your course portal for detailed information, upcoming assignments, and important academic announcements.

Sincerely,
Office of Academic Affairs
University Registrar
registrar@university.edu",School
"Orientation materials are available on the student portal.

This is an official update from your academic department. Please ensure you check your course portal for detailed information, upcoming assignments, and important academic announcements.

Sincerely,
Office of Academic Affairs
University Registrar
registrar@university.edu",School
"Dr. Lee's office hours have changed to 2-4 PM.

This is an official update from your academic department. Please ensure you check your course portal for detailed information, upcoming assignments, and important academic announcements.

Sincerely,
Office of Academic Affairs
University Registrar
registrar@university.edu",School
"New elective on Artificial Intelligence added for fall.

This is an official update from your academic department. Please ensure you check your course portal for detailed information, upcoming assignments, and important academic announcements.

Sincerely,
Office of Academic Affairs
University Registrar
registrar@university.edu",School
"Summer class enrollment opens April 25.

This is an official update from your academic department. Please ensure you check your course portal for detailed information, upcoming assignments, and important academic announcements.

Sincerely,
Office of Academic Affairs
University Registrar
registrar@university.edu",School
"TA feedback for your latest assignment is now posted.

This is an official update from your academic department. Please ensure you check your course portal for detailed information, upcoming assignments, and important academic announcements.

Sincerely,
Office of Academic Affairs
University Registrar
registrar@university.edu",School
"Reminder: Register for the capstone presentation event.

This is an official update from your academic department. Please ensure you check your course portal for detailed information, upcoming assignments, and important academic announcements.

Sincerely,
Office of Academic Affairs
University Registrar
registrar@university.edu",School
"The engineering department is hosting a guest lecture today.

This is an official update from your academic department. Please ensure you check your course portal for detailed information, upcoming assignments, and important academic announcements.

Sincerely,
Office of Academic Affairs
University Registrar
registrar@university.edu",School
"Check Canvas for group project assignments.

This is an official update from your academic department. Please ensure you check your course portal for detailed information, upcoming assignments, and important academic announcements.

Sincerely,
Office of Academic Affairs
University Registrar
registrar@university.edu",School
"Advising appointments open next week.

This is an official update from your academic department. Please ensure you check your course portal for detailed information, upcoming assignments, and important academic announcements.

Sincerely,
Office of Academic Affairs
University Registrar
registrar@university.edu",School
"Student survey on dining services — take 3 minutes!

This is an official update from your academic department. Please ensure you check your course portal for detailed information, upcoming assignments, and important academic announcements.

Sincerely,
Office of Academic Affairs
University Registrar
registrar@university.edu",School
"Join the campus sustainability committee meeting this Friday.

This is an official update from your academic department. Please ensure you check your course portal for detailed information, upcoming assignments, and important academic announcements.

Sincerely,
Office of Academic Affairs
University Registrar
registrar@university.edu",School
"Your application for the study abroad program has been received.

This is an official update from your academic department. Please ensure you check your course portal for detailed information, upcoming assignments, and important academic announcements.

Sincerely,
Office of Academic Affairs
University Registrar
registrar@university.edu",School
"Internship alert: Backend Developer at Meta.

We’re excited to inform you about a potential opportunity relevant to your skills and interests. Please review the job posting, prepare any necessary documents, and feel free to reach out if you would like assistance preparing for interviews or applications.

Best regards,
Maria Gonzales
Career Development Coordinator
University Career Center
careers@university.edu",Career
"You've been shortlisted for a Product Manager interview at Apple.

We’re excited to inform you about a potential opportunity relevant to your skills and interests. Please review the job posting, prepare any necessary documents, and feel free to reach out if you would like assistance preparing for interviews or applications.

Best regards,
Maria Gonzales
Career Development Coordinator
University Career Center
careers@university.edu",Career
"LinkedIn: 5 new job recommendations for your profile.

We’re excited to inform you about a potential opportunity relevant to your skills and interests. Please review the job posting, prepare any necessary documents, and feel free to reach out if you would like assistance preparing for interviews or applications.

Best regards,
Maria Gonzales
Career Development Coordinator
University Career Center
careers@university.edu",Career
"Career Fair this Thursday - RSVP now.

Your application for the Analyst Rotation Program is under review. Expect results in 7–10 days.

Best,
University Career Support
careers@university.edu",Career
"Sign up for resume writing help at the Career Center.

We’re excited to inform you about a potential opportunity relevant to your skills and interests. Please review the job posting, prepare any necessary documents, and feel free to reach out if you would like assistance preparing for interviews or applications.

Best regards,
Maria Gonzales
Career Development Coordinator
University Career Center
careers@university.edu",Career
"Reminder: Complete your Handshake profile.

We’re excited to inform you about a potential opportunity relevant to your skills and interests. Please review the job posting, prepare any necessary documents, and feel free to reach out if you would like assistance preparing for interviews or applications.

Best regards,
Maria Gonzales
Career Development Coordinator
University Career Center
careers@university.edu",Career
"Glassdoor: New salary insights for Software Engineers.

We’re excited to inform you about a potential opportunity relevant to your skills and interests. Please review the job posting, prepare any necessary documents, and feel free to reach out if you would like assistance preparing for interviews or applications.

Best regards,
Maria Gonzales
Career Development Coordinator
University Career Center
careers@university.edu",Career
"Learn how to ace behavioral interviews - workshop tomorrow.

We’re excited to inform you about a potential opportunity relevant to your skills and interests. Please review the job posting, prepare any necessary documents, and feel free to reach out if you would like assistance preparing for interviews or applications.

Best regards,
Maria Gonzales
Career Development Coordinator
University Career Center
careers@university.edu",Career
"Join the campus recruiter Q&A session this Friday.

The Career Center has matched your profile with 3 open positions. View them at jobs.lsu.edu/recommendations

Best,
University Career Support
careers@university.edu",Career
"Microsoft recruiter invites you to apply for a new grad role.

We’re excited to inform you about a potential opportunity relevant to your skills and interests. Please review the job posting, prepare any necessary documents, and feel free to reach out if you would like assistance preparing for interviews or applications.

Best regards,
Maria Gonzales
Career Development Coordinator
University Career Center
careers@university.edu",Career
"Webinar: Getting your first job after college.

We’re excited to inform you about a potential opportunity relevant to your skills and interests. Please review the job posting, prepare any necessary documents, and feel free to reach out if you would like assistance preparing for interviews or applications.

Best regards,
Maria Gonzales
Career Development Coordinator
University Career Center
careers@university.edu",Career
"Tips to build your personal brand on LinkedIn.

We’re excited to inform you about a potential opportunity relevant to your skills and interests. Please review the job posting, prepare any necessary documents, and feel free to reach out if you would like assistance preparing for interviews or applications.

Best regards,
Maria Gonzales
Career Development Coordinator
University Career Center
careers@university.edu",Career
"Career newsletter: Top openings for students this week.

Here’s your confirmation for the Fall 2025 Internship Panel. Log in at https://career.lsu.edu/events.

Best,
University Career Support
careers@university.edu",Career
"Join our tech resume clinic hosted by alumni.

Follow up on your application by completing the coding challenge: devskills.co/challenges/lsu

Best,
University Career Support
careers@university.edu",Career
"How to create a standout GitHub portfolio.

We’re excited to inform you about a potential opportunity relevant to your skills and interests. Please review the job posting, prepare any necessary documents, and feel free to reach out if you would like assistance preparing for interviews or applications.

Best regards,
Maria Gonzales
Career Development Coordinator
University Career Center
careers@university.edu",Career
"Google Summer of Code application tips & deadlines.

We’re excited to inform you about a potential opportunity relevant to your skills and interests. Please review the job posting, prepare any necessary documents, and feel free to reach out if you would like assistance preparing for interviews or applications.

Best regards,
Maria Gonzales
Career Development Coordinator
University Career Center
careers@university.edu",Career
"Company info sessions for graduating seniors start next week.

We’re excited to inform you about a potential opportunity relevant to your skills and interests. Please review the job posting, prepare any necessary documents, and feel free to reach out if you would like assistance preparing for interviews or applications.

Best regards,
Maria Gonzales
Career Development Coordinator
University Career Center
careers@university.edu",Career
"New job alert: Software Engineer at Google.

Please join the virtual career prep workshop tomorrow. RSVP here: https://prep.university.edu

Best,
University Career Support
careers@university.edu",Career
"Your application for Product Manager at Amazon has been received.

We’re excited to inform you about a potential opportunity relevant to your skills and interests. Please review the job posting, prepare any necessary documents, and feel free to reach out if you would like assistance preparing for interviews or applications.

Best regards,
Maria Gonzales
Career Development Coordinator
University Career Center
careers@university.edu",Career
"Join our upcoming virtual career fair on May 3.

We’re excited to inform you about a potential opportunity relevant to your skills and interests. Please review the job posting, prepare any necessary documents, and feel free to reach out if you would like assistance preparing for interviews or applications.

Best regards,
Maria Gonzales
Career Development Coordinator
University Career Center
careers@university.edu",Career
"Update your resume to attract more recruiters.

We’re excited to inform you about a potential opportunity relevant to your skills and interests. Please review the job posting, prepare any necessary documents, and feel free to reach out if you would like assistance preparing for interviews or applications.

Best regards,
Maria Gonzales
Career Development Coordinator
University Career Center
careers@university.edu",Career
"Webinar: How to prepare for tech interviews, hosted by Netflix.

We’re excited to inform you about a potential opportunity relevant to your skills and interests. Please review the job posting, prepare any necessary documents, and feel free to reach out if you would like assistance preparing for interviews or applications.

Best regards,
Maria Gonzales
Career Development Coordinator
University Career Center
careers@university.edu",Career
"You're invited to apply for a Data Analyst position at Microsoft.

We’re excited to inform you about a potential opportunity relevant to your skills and interests. Please review the job posting, prepare any necessary documents, and feel free to reach out if you would like assistance preparing for interviews or applications.

Best regards,
Maria Gonzales
Career Development Coordinator
University Career Center
careers@university.edu",Career
"Your LinkedIn profile was viewed by a recruiter from Amazon.

We’re excited to inform you about a potential opportunity relevant to your skills and interests. Please review the job posting, prepare any necessary documents, and feel free to reach out if you would like assistance preparing for interviews or applications.

Best regards,
Maria Gonzales
Career Development Coordinator
University Career Center
careers@university.edu",Career
"We have new job matches for your profile: Backend Developer at Stripe.

Thanks for attending the Engineering Career Fair! Follow up with recruiters at https://connectcareers.com

Best,
University Career Support
careers@university.edu",Career
"Career tip: Customize your cover letter for each application.

We’re excited to inform you about a potential opportunity relevant to your skills and interests. Please review the job posting, prepare any necessary documents, and feel free to reach out if you would like assistance preparing for interviews or applications.

Best regards,
Maria Gonzales
Career Development Coordinator
University Career Center
careers@university.edu",Career
"Guide: How to negotiate a job offer successfully.

We’re excited to inform you about a potential opportunity relevant to your skills and interests. Please review the job posting, prepare any necessary documents, and feel free to reach out if you would like assistance preparing for interviews or applications.

Best regards,
Maria Gonzales
Career Development Coordinator
University Career Center
careers@university.edu",Career
"Check out these resume templates to impress employers.

We’re excited to inform you about a potential opportunity relevant to your skills and interests. Please review the job posting, prepare any necessary documents, and feel free to reach out if you would like assistance preparing for interviews or applications.

Best regards,
Maria Gonzales
Career Development Coordinator
University Career Center
careers@university.edu",Career
"Top companies are hiring graduates this month.

We’re excited to inform you about a potential opportunity relevant to your skills and interests. Please review the job posting, prepare any necessary documents, and feel free to reach out if you would like assistance preparing for interviews or applications.

Best regards,
Maria Gonzales
Career Development Coordinator
University Career Center
careers@university.edu",Career
"Free mock interviews this Thursday!

We’re excited to inform you about a potential opportunity relevant to your skills and interests. Please review the job posting, prepare any necessary documents, and feel free to reach out if you would like assistance preparing for interviews or applications.

Best regards,
Maria Gonzales
Career Development Coordinator
University Career Center
careers@university.edu",Career
"Job hunting strategies for college seniors.

You are one of the finalists selected for the Goldman Sachs Insight Series. Details inside.

Best,
University Career Support
careers@university.edu",Career
"New internship opportunities in tech and finance.

You have been referred for the Software Engineer I role. Click to confirm your interest: careers.link/jobs/9812

Best,
University Career Support
careers@university.edu",Career
"Your Indeed profile has new views this week.

We’re interested in your background. Can you schedule a quick phone call? calendly.com/tech-recruiter

Best,
University Career Support
careers@university.edu",Career
"Career center invites you to resume review workshop.

We’re excited to inform you about a potential opportunity relevant to your skills and interests. Please review the job posting, prepare any necessary documents, and feel free to reach out if you would like assistance preparing for interviews or applications.

Best regards,
Maria Gonzales
Career Development Coordinator
University Career Center
careers@university.edu",Career
"You've been invited to a job interview at Amazon. Click here to schedule.

We’re excited to inform you about a potential opportunity relevant to your skills and interests. Please review the job posting, prepare any necessary documents, and feel free to reach out if you would like assistance preparing for interviews or applications.

Best regards,
Maria Gonzales
Career Development Coordinator
University Career Center
careers@university.edu",Career
"New job matches: Data Analyst at Google, Software Intern at Tesla

We’re excited to inform you about a potential opportunity relevant to your skills and interests. Please review the job posting, prepare any necessary documents, and feel free to reach out if you would like assistance preparing for interviews or applications.

Best regards,
Maria Gonzales
Career Development Coordinator
University Career Center
careers@university.edu",Career
"Join our Virtual Career Fair - meet 50+ recruiters online!

We’re excited to inform you about a potential opportunity relevant to your skills and interests. Please review the job posting, prepare any necessary documents, and feel free to reach out if you would like assistance preparing for interviews or applications.

Best regards,
Maria Gonzales
Career Development Coordinator
University Career Center
careers@university.edu",Career
"Your Amazon application has been rejected.

We’re excited to inform you about a potential opportunity relevant to your skills and interests. Please review the job posting, prepare any necessary documents, and feel free to reach out if you would like assistance preparing for interviews or applications.

Best regards,
Maria Gonzales
Career Development Coordinator
University Career Center
careers@university.edu",Career
"Your application to Cajun LLC has been approved.

We’re excited to inform you about a potential opportunity relevant to your skills and interests. Please review the job posting, prepare any necessary documents, and feel free to reach out if you would like assistance preparing for interviews or applications.

Best regards,
Maria Gonzales
Career Development Coordinator
University Career Center
careers@university.edu",Career
"You have submitted your application to Legacy Software. 

We’re excited to inform you about a potential opportunity relevant to your skills and interests. Please review the job posting, prepare any necessary documents, and feel free to reach out if you would like assistance preparing for interviews or applications.

Best regards,
Maria Gonzales
Career Development Coordinator
University Career Center
careers@university.edu",Career
"LinkedIn: You have 3 new messages 

Final call to apply for the TechForward Fellowship. Submit your resume by 5 PM at https://careercenter.univ.edu/apply

Best,
University Career Support
careers@university.edu",Career
"System Programmer"": Legacy Software- Mainframe System Programmer $140k/ year""

We’re excited to inform you about a potential opportunity relevant to your skills and interests. Please review the job posting, prepare any necessary documents, and feel free to reach out if you would like assistance preparing for interviews or applications.

Best regards,
Maria Gonzales
Career Development Coordinator
University Career Center
careers@university.edu",Career
"Career Tip: Optimize your LinkedIn profile to attract more recruiters.

We’re excited to inform you about a potential opportunity relevant to your skills and interests. Please review the job posting, prepare any necessary documents, and feel free to reach out if you would like assistance preparing for interviews or applications.

Best regards,
Maria Gonzales
Career Development Coordinator
University Career Center
careers@university.edu",Career
"We're hiring! Backend Developer roles open at Stripe.

You’re scheduled to meet with our hiring manager on Friday at 11:00 AM. Join the Zoom room here: https://bit.ly/careerzoom

Best,
University Career Support
careers@university.edu",Career
"Your resume has been viewed by a recruiter at Google.

We’re excited to inform you about a potential opportunity relevant to your skills and interests. Please review the job posting, prepare any necessary documents, and feel free to reach out if you would like assistance preparing for interviews or applications.

Best regards,
Maria Gonzales
Career Development Coordinator
University Career Center
careers@university.edu",Career
"New job alert: Data Scientist at Facebook.

We’re excited to inform you about a potential opportunity relevant to your skills and interests. Please review the job posting, prepare any necessary documents, and feel free to reach out if you would like assistance preparing for interviews or applications.

Best regards,
Maria Gonzales
Career Development Coordinator
University Career Center
careers@university.edu",Career
"Join our workshop on building a personal brand.

We’ve reviewed your resume and would like to invite you to the second round of interviews.

Best,
University Career Support
careers@university.edu",Career
"Your application for the internship at Amazon has been received.

We’re excited to inform you about a potential opportunity relevant to your skills and interests. Please review the job posting, prepare any necessary documents, and feel free to reach out if you would like assistance preparing for interviews or applications.

Best regards,
Maria Gonzales
Career Development Coordinator
University Career Center
careers@university.edu",Career
"Career Fair next week - don't forget to register!

We’re excited to inform you about a potential opportunity relevant to your skills and interests. Please review the job posting, prepare any necessary documents, and feel free to reach out if you would like assistance preparing for interviews or applications.

Best regards,
Maria Gonzales
Career Development Coordinator
University Career Center
careers@university.edu",Career
"New job openings in your field: Software Engineer at Microsoft.

Welcome to the pre-hire experience program. Log in to your dashboard to continue onboarding.

Best,
University Career Support
careers@university.edu",Career
"Your LinkedIn profile has been viewed by a recruiter.

We’re excited to inform you about a potential opportunity relevant to your skills and interests. Please review the job posting, prepare any necessary documents, and feel free to reach out if you would like assistance preparing for interviews or applications.

Best regards,
Maria Gonzales
Career Development Coordinator
University Career Center
careers@university.edu",Career
"Free trial ends soon: don't miss your chance to upgrade.

This is a general notification related to your account, subscriptions, or participation in university-wide events or services. No action is required unless specified in the full message.

Automated Notification System
noreply@university.edu",Other
"Your Uber Eats order has been delivered.

This is a general notification related to your account, subscriptions, or participation in university-wide events or services. No action is required unless specified in the full message.

Automated Notification System
noreply@university.edu",Other
"Special offer: Save 30% on groceries this week.

This is a general notification related to your account, subscriptions, or participation in university-wide events or services. No action is required unless specified in the full message.

Automated Notification System
noreply@university.edu",Other
"New music dropped this week - check it out!

This is a general notification related to your account, subscriptions, or participation in university-wide events or services. No action is required unless specified in the full message.

Automated Notification System
noreply@university.edu",Other
"Your Hulu subscription will renew on May 1.

This is a general notification related to your account, subscriptions, or participation in university-wide events or services. No action is required unless specified in the full message.

Automated Notification System
noreply@university.edu",Other
"Plan your weekend: Sunny and 75°F expected.

This is a general notification related to your account, subscriptions, or participation in university-wide events or services. No action is required unless specified in the full message.

Automated Notification System
noreply@university.edu",Other
"Here's your daily newsletter: news, sports, and memes.

This is a general notification related to your account, subscriptions, or participation in university-wide events or services. No action is required unless specified in the full message.

Automated Notification System
noreply@university.edu",Other
"Join our rewards program and earn double points.

This is a general notification related to your account, subscriptions, or participation in university-wide events or services. No action is required unless specified in the full message.

Automated Notification System
noreply@university.edu",Other
"Reminder: Dentist appointment this Thursday at 10:30 AM.

This is a general notification related to your account, subscriptions, or participation in university-wide events or services. No action is required unless specified in the full message.

Automated Notification System
noreply@university.edu",Other
"Try our limited-edition spring flavors!

This is a general notification related to your account, subscriptions, or participation in university-wide events or services. No action is required unless specified in the full message.

Automated Notification System
noreply@university.edu",Other
"Security alert: Your account was logged into from a new device.

This is a general notification related to your account, subscriptions, or participation in university-wide events or services. No action is required unless specified in the full message.

Automated Notification System
noreply@university.edu",Other
"Take this 2-minute survey and win a $25 gift card!

This is a general notification related to your account, subscriptions, or participation in university-wide events or services. No action is required unless specified in the full message.

Automated Notification System
noreply@university.edu",Other
"You're invited to our neighborhood BBQ!

This is a general notification related to your account, subscriptions, or participation in university-wide events or services. No action is required unless specified in the full message.

Automated Notification System
noreply@university.edu",Other
"Book your summer vacation early and save big.

This is a general notification related to your account, subscriptions, or participation in university-wide events or services. No action is required unless specified in the full message.

Automated Notification System
noreply@university.edu",Other
"Daily mindfulness tip: Take 5 deep breaths.

This is a general notification related to your account, subscriptions, or participation in university-wide events or services. No action is required unless specified in the full message.

Automated Notification System
noreply@university.edu",Other
"Earn cashback on your next purchase with this code.

This is a general notification related to your account, subscriptions, or participation in university-wide events or services. No action is required unless specified in the full message.

Automated Notification System
noreply@university.edu",Other
"50% off all items this Saturday only!

This is a general notification related to your account, subscriptions, or participation in university-wide events or services. No action is required unless specified in the full message.

Automated Notification System
noreply@university.edu",Other
"Your package has been shipped. Track it here: mypackage.com/track

This is a general notification related to your account, subscriptions, or participation in university-wide events or services. No action is required unless specified in the full message.

Automated Notification System
noreply@university.edu",Other
"Daily weather update for your area: Cloudy, 60°F

This is a general notification related to your account, subscriptions, or participation in university-wide events or services. No action is required unless specified in the full message.

Automated Notification System
noreply@university.edu",Other
"Reminder: Your subscription to Netflix renews on April 25.

This is a general notification related to your account, subscriptions, or participation in university-wide events or services. No action is required unless specified in the full message.

Automated Notification System
noreply@university.edu",Other
"Flash sale: Buy one get one free!

This is a general notification related to your account, subscriptions, or participation in university-wide events or services. No action is required unless specified in the full message.

Automated Notification System
noreply@university.edu",Other
"Check out the latest trends in fashion this season.

This is a general notification related to your account, subscriptions, or participation in university-wide events or services. No action is required unless specified in the full message.

Automated Notification System
noreply@university.edu",Other
"You're invited to our summer giveaway!

This is a general notification related to your account, subscriptions, or participation in university-wide events or services. No action is required unless specified in the full message.

Automated Notification System
noreply@university.edu",Other
"New episode of your favorite podcast is now available.

This is a general notification related to your account, subscriptions, or participation in university-wide events or services. No action is required unless specified in the full message.

Automated Notification System
noreply@university.edu",Other
"This Friday, treat yourself with our exclusive offers.

This is a general notification related to your account, subscriptions, or participation in university-wide events or services. No action is required unless specified in the full message.

Automated Notification System
noreply@university.edu",Other
"Try our new recipe of the week: Tofu Stir Fry

This is a general notification related to your account, subscriptions, or participation in university-wide events or services. No action is required unless specified in the full message.

Automated Notification System
noreply@university.edu",Other
"Your Amazon order is out for delivery.

This is a general notification related to your account, subscriptions, or participation in university-wide events or services. No action is required unless specified in the full message.

Automated Notification System
noreply@university.edu",Other
"Claim your free coffee today!

This is a general notification related to your account, subscriptions, or participation in university-wide events or services. No action is required unless specified in the full message.

Automated Notification System
noreply@university.edu",Other
"Watch the latest trailer for the upcoming movie release.

This is a general notification related to your account, subscriptions, or participation in university-wide events or services. No action is required unless specified in the full message.

Automated Notification System
noreply@university.edu",Other
"Explore your daily horoscope here.

This is a general notification related to your account, subscriptions, or participation in university-wide events or services. No action is required unless specified in the full message.

Automated Notification System
noreply@university.edu",Other
"Join our sweepstakes and win big!

This is a general notification related to your account, subscriptions, or participation in university-wide events or services. No action is required unless specified in the full message.

Automated Notification System
noreply@university.edu",Other
"Download our app and get $10 off your first order.

This is a general notification related to your account, subscriptions, or participation in university-wide events or services. No action is required unless specified in the full message.

Automated Notification System
noreply@university.edu",Other
"Unsubscribe from all promotional emails here.

This is a general notification related to your account, subscriptions, or participation in university-wide events or services. No action is required unless specified in the full message.

Automated Notification System
noreply@university.edu",Other
"Don't forget to file your taxes before April 15!

This is a general notification related to your account, subscriptions, or participation in university-wide events or services. No action is required unless specified in the full message.

Automated Notification System
noreply@university.edu",Other
"Big sale: Buy one pizza, get one free!

This is a general notification related to your account, subscriptions, or participation in university-wide events or services. No action is required unless specified in the full message.

Automated Notification System
noreply@university.edu",Other
"50% off all shoes this weekend only. Don't miss out!

This is a general notification related to your account, subscriptions, or participation in university-wide events or services. No action is required unless specified in the full message.

Automated Notification System
noreply@university.edu",Other
"Your order from Amazon has shipped. Track your package here.

This is a general notification related to your account, subscriptions, or participation in university-wide events or services. No action is required unless specified in the full message.

Automated Notification System
noreply@university.edu",Other
"Daily horoscope: What the stars say about your week

This is a general notification related to your account, subscriptions, or participation in university-wide events or services. No action is required unless specified in the full message.

Automated Notification System
noreply@university.edu",Other
"Hey John, you wanna go to the game with me? 

This is a general notification related to your account, subscriptions, or participation in university-wide events or services. No action is required unless specified in the full message.

Automated Notification System
noreply@university.edu",Other
"J3rrySpr1ng_ has added you as a friend on FaceBook

This is a general notification related to your account, subscriptions, or participation in university-wide events or services. No action is required unless specified in the full message.

Automated Notification System
noreply@university.edu",Other
"You have recently signed into your Google account from a new device.

This is a general notification related to your account, subscriptions, or participation in university-wide events or services. No action is required unless specified in the full message.

Automated Notification System
noreply@university.edu",Other
"Discover Card: Reminder! Your automatic Payment date is soon. 

This is a general notification related to your account, subscriptions, or participation in university-wide events or services. No action is required unless specified in the full message.

Automated Notification System
noreply@university.edu",Other
"Your 7 Day Forecase for 4/23/2025 

This is a general notification related to your account, subscriptions, or participation in university-wide events or services. No action is required unless specified in the full message.

Automated Notification System
noreply@university.edu",Other
"Training, diet, and your munchies game. Let's fix it before summer hits

This is a general notification related to your account, subscriptions, or participation in university-wide events or services. No action is required unless specified in the full message.

Automated Notification System
noreply@university.edu",Other
"Your top April 20 reels of the day on Instagram

This is a general notification related to your account, subscriptions, or participation in university-wide events or services. No action is required unless specified in the full message.

Automated Notification System
noreply@university.edu",Other
"Don't miss the NBA Play-In games this week

This is a general notification related to your account, subscriptions, or participation in university-wide events or services. No action is required unless specified in the full message.

Automated Notification System
noreply@university.edu",Other
"Local singles are in your area. Meet up with them. 

This is a general notification related to your account, subscriptions, or participation in university-wide events or services. No action is required unless specified in the full message.

Automated Notification System
noreply@university.edu",Other
"Your Amazon order has been shipped. Tracking number: 1234567890

This is a general notification related to your account, subscriptions, or participation in university-wide events or services. No action is required unless specified in the full message.

Automated Notification System
noreply@university.edu",Other
"Free 1 month subscription to Netflix. Click here to redeem your offer

This is a general notification related to your account, subscriptions, or participation in university-wide events or services. No action is required unless specified in the full message.

Automated Notification System
noreply@university.edu",Other
"Your Spotify playlist has been updated with new songs.

This is a general notification related to your account, subscriptions, or participation in university-wide events or services. No action is required unless specified in the full message.

Automated Notification System
noreply@university.edu",Other
"Your Uber ride has been completed. Rate your driver now!

This is a general notification related to your account, subscriptions, or participation in university-wide events or services. No action is required unless specified in the full message.

Automated Notification System
noreply@university.edu",Other
