Text, Label 

"LSU College of Engineering- ENGR Weekly - April 28, 2025", School
LSU CxC- Share Feedback on Your C-I Course(s), School
CSC 4351- Byte Code on Moodle, School 
LSU Cybersecurity Clinic Application for Fall 2025, School
Complete the Graduating Student Survey, School
LSU Universirty Recreation- STUDY TIME @ the UREC, School
You're Invited: Quantum Leaps & Cryptography with AWS Expert Avni Rambhia - April 28!, School
"Start Early, Celebrate Big—Get 10% Off Graduation Gifts!", School
04/27/25 Daily Digest for CSC 4444 on Piazza, School
Text message from Office of the University Registrar LSU, School
LSU Course Evaluations close on Sunday May 4th, School
[Info] New Human-Computer Interaction Course, School
[CSC-4351] CSC4351 HW3 Question, School
[CSC-4351] Homework 3 extended, School
Please take the NSSE Survey - we want to hear from you!, School
LSU Universirty Recreation- An egg-citing week!, School
LSU wants to hear from you! - summer course offerings, School
"Hey guys, here is the CSC 2362 Presentation 2 Slides", School
"Good Morning Everyone, I hope yall are doing well so far. Please let me know when yall are free to meet and get started on this project.", School
Your Assignment 2 for CSC 4444, Spring 2025 has been graded
Good afternoon,
My group for the Compiler Construction class has begun disbanding due to scheduling conflicts., School
LSU Athletics- Baseball vs Louisiana Tech Tonight, School
ReliaQuest Cybersecurity Bootcamp 2025, School
"Good morning, all. This is a friendly reminder that scheduling dates have been pushed back to the week of April 7th due to delays with Workday Student implementation.", School
"[2025 Spring CMST 2060 for Sanela Elli Osmanovic] The Grand Master: Persuasive speech week, all up on Moodle", School
LSU Billing Statement for March 2025, School
LSU Spring 2025- Mid-semester Grades, School
LSU Athletics- Baseball vs Xavier Tonight, School
Fall 2025 SCHEDULING WILL BEGIN MONDAY MARCH 24- GET ADVISED BY YOUR DEPARTMENT!, School
"ENGR Weekly - March 10, 2025", School
CSC 4351- Declaration Grammar Typo, School
"I believe I just finished implementing all the grammar rules according to the C specification. "However when trying to compile the project I get the following error:"Code too large" Error, School
Here are the links to the presentation for our first lightning presentation on Thursday as well as the doc for our first paper draft due on Friday., School
LSUPD phone service for campus phones has been restored., School
LSUPD UPDATE - Officers have cleared the scene and opened the roadway for normal use., School
[2025 Spring CSC 2362 for Daniel Donze] Door, School
[Instr Note] Lecture Slide Animations, School
Power Outage on Campus- The university is actively investigating the cause of the disruption., School
[2024 Fall CLST 2101 for Albert Watanabe] final exam, School
[2024 Fall CSC 4243 for Andrew Webb] Final Product Report and Final Exam Period, School
Nathan: Complete Your Spring 2025 Fee Bill and Registration Today!, School
2024 Fall CSC 4330 for Luiz Fronchetti Dias: Important discussion tomorrow, School
You have submitted your assignment submission for Assignment: Refactoring a system with UML diagrams, School
Submission confirmation: REQUIRED: Unit 03c Moodle Quiz, School
Update on your LSU Communicator Certificate progress, School
Reminder: You need to send me your degree audit and signed senior checkout contract NO LATER THAN TOMORROW (FRIDAY)., School
[2024 Fall CSC 2700 for Ibrahim Baggili] Lab 3 Report Due Date, School
Urgent: Senior Checkout Contract - May 2025 Graduation, School
[2024 Fall CSC 4243 for Andrew Webb] Proposal presentations this week will be on Zoom, School
[2024 Fall GEOG 2051 for Kory Konsoer] Homework Extension, School

“Project Manager”: Swooped - Project Manager and more, Career
Your job alert for system programmer. 2 new jobs in 70815 match your preferences., Career
HealthStream is hiring a Software Developer Intern, Career
“System Engineer”: Lensa - Systems Engineer / Architect (REMOTE - TRAVEL) and more, Career

Burp Suite Beyond Basics: Hidden Features That Save Time and Find More Bugs | Abhijeet Kumawat in InfoSec Write-ups, Other
90% of Python programmers don't know these seven uses of underscore | Algo Insights in Coding Nexus, Other
I Wrote On LinkedIn for 100 Days. Now I Never Worry About Finding a Job. | Alexander Nguyen, Other
TryHackMe- Thank you for your payment, Other
Your online Discover card payment is scheduled, Other
TONIGHT Prospects Become Future NFL Stars, Other
Tesla profits tank but stock rises, Other
PSA: 40-70% OFF Sitewide + Buy 1 Get 2 FREE Tees! , Other
Lifting heavy is one kind of strength.Showing up for yourself every day is another., Other
Save up to 70% on select Xbox games, Other
Cava- Spice it Up, Other
Amazon- 20% off select items, Other
Amazon- Your order has shipped, Other
$929.99 ABS Cyclone Aqua Gaming PC! $689.99 GIGABYTE 31.5" OLED Gaming Monitor!, Other
Up to 50% off* of GymShark apparel. ENDS at 5pm EDT, Other
GNC- It's time to get LIT®!
Your perfect Orbi awaits: Save up to $300 on Orbi Mesh Systems, Other
The fun of adiClub Days is in full swing, Other
Shonen Jump- Samura Rises From the Ashes in Kagurabachi!, Other
Your New Weekly Target Ad is here., Other
DELTA FORCE| New Content Available!, Other
Limited time: Save up to 50% on clearance and open-box items, Other
Uniqlo- Our bestselling button down, Other
National Golf Day Exclusive: $100 Off Mavrik Sets, Other
WingStop- Final Drive: $0 Delivery Fee! , Other
"Hello, You paid $5.00 USD to Valve Corp.", Other
Your Jimmy John's Online Order is confirmed!, Other
GitHub Classroom Workflow workflow run. All jobs have failed., Other
"Your receipt from RP Strength, LLC ", Other
Boba Tea Protein- White Peach Hydration is now LIVE!, Other
Discord Payment Succeeded, Other
Emergency! Deadly Bacteria Found in Shampoo, Other
Game from your Steam wishlist is now on sale!, Other
This Weekend: UFC 314 Live From Miami & More, Other
"AIRO Group Holdings, Inc. (AIRO) is now on Robinhood", Other
We received your request for a single-use code to use with your Microsoft account., Other
@BJW101102 has invited you to collaborate on the BJW101102/Project1Testing repository, Other
Your crypto monthly statement is available on Robinhood, Other
"Recyclable ink cartridges, energy efficient printers, and more!", Other
Fresh from the farm: Stardew Valley merch, Other
Celebrate 50 years of Microsoft with limited-time offers, Other
"Nathan,see what's been happening on Instagram", Other
"Andrew has added you as a friend on Facebook", Other
Taylor Odom is a new friend suggestion for you on Facebook, Other
"Denim Restock! Abducted + Inferno Now Available on Vapor95", Other
"Hey Robert, do you want to go to the game with me?", Other
You've been invited to apply for the Venmo Credit Card, Other
Your Instagram April 20 reels of the day, Other
Your receipt from Apple.com, Other
Trump pauses reciprocal tariffs on China, Other
Your single-use code for your Microsoft account, Other